[
  {
    "Type": "single_choice",
    "question": "Hệ thống quản lý cơ sở dữ liệu nào phổ biến nhất?",
    "Options": [
      "MySQL",
      "SQLite",
      "MongoDB",
      "PostgreSQL"
    ],
    "Answer": "",
    "Pairs": null
  },
  {
    "Type": "multiple_choice",
    "question": "Các ngôn ngữ lập trình phổ biến hiện nay là gì?",
    "Options": [
      "Java",
      "Python",
      "C#",
      "JavaScript",
      "Ruby",
      "Swift"
    ],
    "Answer": [],
    "Pairs": null
  },
  {
    "Type": "ordering",
    "question": "Sắp xếp các số sau theo thứ tự tăng dần: 5, 2, 8, 1, 7.",
    "Options": [
      "5",
      "2",
      "8",
      "1",
      "7"
    ],
    "Answer": [],
    "Pairs": null
  },
  {
    "Type": "single_choice",
    "question": "Câu lệnh nào dùng để in ra dòng chữ 'Hello, World!' trong ngôn ngữ lập trình C++?",
    "Options": [
      "print('Hello, World!');",
      "System.out.println('Hello, World!');",
      "cout << 'Hello, World!';",
      "console.log('Hello, World!');"
    ],
    "Answer": "",
    "Pairs": null
  },
  {
    "Type": "multiple_choice",
    "question": "Các phần mềm chỉnh sửa mã nguồn phổ biến là gì?",
    "Options": [
      "Visual Studio Code",
      "Sublime Text",
      "Atom",
      "Eclipse",
      "Notepad++",
      "Photoshop"
    ],
    "Answer": [],
    "Pairs": null
  },
  {
    "Type": "single_choice",
    "question": "Ngôn ngữ lập trình nào được sử dụng phổ biến nhất cho việc phát triển ứng dụng di động?",
    "Options": [
      "Java",
      "Python",
      "Swift",
      "Kotlin"
    ],
    "Answer": "",
    "Pairs": null
  },
  {
    "Type": "multiple_choice",
    "question": "Các công cụ kiểm tra lỗi mã nguồn là gì?",
    "Options": [
      "ESLint",
      "Prettier",
      "JSLint",
      "Husky",
      "Postman",
      "Swagger"
    ],
    "Answer": [],
    "Pairs": null
  },
  {
    "Type": "ordering",
    "question": "Sắp xếp các từ sau theo thứ tự từ điển: 'Học', 'Lập', 'Trình', 'Là', 'Vui'.",
    "Options": [
      "Học",
      "Lập",
      "Trình",
      "Là",
      "Vui"
    ],
    "Answer": [],
    "Pairs": null
  },
  {
    "Type": "single_choice",
    "question": "Ngôn ngữ lập trình nào được sử dụng cho phát triển trò chơi?",
    "Options": [
      "Java",
      "C++",
      "Python",
      "JavaScript"
    ],
    "Answer": "",
    "Pairs": null
  },
  {
    "Type": "multiple_choice",
    "question": "Công cụ nào được sử dụng để quản lý phiên bản mã nguồn?",
    "Options": [
      "Git",
      "SVN",
      "Mercurial",
      "Tortoise",
      "Jenkins",
      "TeamCity"
    ],
    "Answer": [],
    "Pairs": null
  },
  {
    "Type": "single_choice",
    "question": "Hệ quản trị cơ sở dữ liệu nào được sử dụng rộng rãi trong các ứng dụng web?",
    "Options": [
      "MongoDB",
      "MySQL",
      "Oracle",
      "SQLite"
    ],
    "Answer": "",
    "Pairs": null
  },
  {
    "Type": "single_choice",
    "question": "Ngôn ngữ lập trình nào thường được sử dụng cho trí tuệ nhân tạo và học máy?",
    "Options": [
      "Java",
      "C++",
      "Python",
      "Ruby"
    ],
    "Answer": "",
    "Pairs": null
  },
  {
    "Type": "single_choice",
    "question": "Công cụ nào phổ biến để tạo và quản lý container?",
    "Options": [
      "Docker",
      "Kubernetes",
      "Vagrant",
      "Ansible"
    ],
    "Answer": "",
    "Pairs": null
  },
  {
    "Type": "single_choice",
    "question": "Câu lệnh nào dùng để khai báo một biến trong JavaScript?",
    "Options": [
      "var",
      "let",
      "const",
      "all of the above"
    ],
    "Answer": "",
    "Pairs": null
  },
  {
    "Type": "single_choice",
    "question": "Gói thư viện nào thường được sử dụng trong Python để làm việc với dữ liệu số lớn?",
    "Options": [
      "numpy",
      "requests",
      "flask",
      "django"
    ],
    "Answer": "",
    "Pairs": null
  },
  {
    "Type": "single_choice",
    "question": "Ngôn ngữ lập trình nào được sử dụng để phát triển ứng dụng iOS?",
    "Options": [
      "Swift",
      "Java",
      "Kotlin",
      "C#"
    ],
    "Answer": "",
    "Pairs": null
  },
  {
    "Type": "single_choice",
    "question": "Ngôn ngữ lập trình nào được sử dụng phổ biến cho phát triển ứng dụng Android?",
    "Options": [
      "Swift",
      "JavaScript",
      "Kotlin",
      "C#"
    ],
    "Answer": "",
    "Pairs": null
  },
  {
    "Type": "single_choice",
    "question": "IDE nào phổ biến nhất cho phát triển ứng dụng Android?",
    "Options": [
      "Eclipse",
      "NetBeans",
      "Android Studio",
      "IntelliJ IDEA"
    ],
    "Answer": "",
    "Pairs": null
  },
  {
    "Type": "single_choice",
    "question": "Câu lệnh nào dùng để in ra dòng chữ 'Hello, World!' trong ngôn ngữ lập trình Python?",
    "Options": [
      "print('Hello, World!')",
      "System.out.println('Hello, World!')",
      "echo 'Hello, World!'",
      "console.log('Hello, World!')"
    ],
    "Answer": "",
    "Pairs": null
  },
  {
    "Type": "single_choice",
    "question": "Ngôn ngữ nào được thiết kế chủ yếu cho phát triển trang web động?",
    "Options": [
      "Java",
      "PHP",
      "C++",
      "Ruby"
    ],
    "Answer": "",
    "Pairs": null
  },
  {
    "Type": "multiple_choice",
    "question": "Các thư viện JavaScript phổ biến là gì?",
    "Options": [
      "React",
      "Angular",
      "Vue",
      "Ember",
      "Backbone",
      "Django"
    ],
    "Answer": [],
    "Pairs": null
  },
  {
    "Type": "multiple_choice",
    "question": "Các hệ quản trị cơ sở dữ liệu NoSQL là gì?",
    "Options": [
      "MongoDB",
      "Cassandra",
      "Redis",
      "Oracle",
      "PostgreSQL",
      "MySQL"
    ],
    "Answer": [],
    "Pairs": null
  },
  {
    "Type": "multiple_choice",
    "question": "Các hệ điều hành phổ biến hiện nay là gì?",
    "Options": [
      "Windows",
      "macOS",
      "Linux",
      "Ubuntu",
      "Android",
      "iOS"
    ],
    "Answer": [],
    "Pairs": null
  },
  {
    "Type": "multiple_choice",
    "question": "Các ngôn ngữ lập trình hướng đối tượng là gì?",
    "Options": [
      "Java",
      "C#",
      "Python",
      "JavaScript",
      "SQL",
      "HTML"
    ],
    "Answer": [],
    "Pairs": null
  },
  {
    "Type": "multiple_choice",
    "question": "Các phần mềm IDE phổ biến hiện nay là gì?",
    "Options": [
      "Visual Studio",
      "Eclipse",
      "NetBeans",
      "IntelliJ IDEA",
      "Vim",
      "Sublime Text"
    ],
    "Answer": [],
    "Pairs": null
  },
  {
    "Type": "multiple_choice",
    "question": "Các công cụ CI/CD phổ biến là gì?",
    "Options": [
      "Jenkins",
      "Travis CI",
      "CircleCI",
      "TeamCity",
      "Docker",
      "Vagrant"
    ],
    "Answer": [],
    "Pairs": null
  },
  {
    "Type": "multiple_choice",
    "question": "Các công cụ giám sát hiệu suất ứng dụng là gì?",
    "Options": [
      "New Relic",
      "AppDynamics",
      "Nagios",
      "Datadog",
      "Kibana",
      "Git"
    ],
    "Answer": [],
    "Pairs": null
  },
  {
    "Type": "multiple_choice",
    "question": "Các công cụ quản lý dự án phổ biến là gì?",
    "Options": [
      "JIRA",
      "Trello",
      "Asana",
      "Slack",
      "GitHub",
      "Bitbucket"
    ],
    "Answer": [],
    "Pairs": null
  },
  {
    "Type": "multiple_choice",
    "question": "Các công cụ xây dựng và quản lý hạ tầng đám mây là gì?",
    "Options": [
      "Terraform",
      "AWS CloudFormation",
      "Google Cloud Deployment Manager",
      "Ansible",
      "Puppet",
      "Chef"
    ],
    "Answer": [],
    "Pairs": null
  },
  {
    "Type": "multiple_choice",
    "question": "Các công cụ phát triển giao diện người dùng phổ biến là gì?",
    "Options": [
      "Adobe XD",
      "Sketch",
      "Figma",
      "InVision",
      "GIMP",
      "CorelDRAW"
    ],
    "Answer": [],
    "Pairs": null
  },
  {
    "Type": "ordering",
    "question": "Sắp xếp các ngôn ngữ lập trình sau theo thứ tự bảng chữ cái: Python, Java, Ruby",
    "Options": [
      "Python",
      "Java",
      "Ruby"
    ],
    "Answer": [],
    "Pairs": null
  },
  {
    "Type": "ordering",
    "question": "Sắp xếp các số sau theo thứ tự giảm dần: 9, 4, 6, 2, 1.",
    "Options": [
      "9",
      "4",
      "6",
      "2",
      "1"
    ],
    "Answer": [],
    "Pairs": null
  },
  {
    "Type": "ordering",
    "question": "Sắp xếp các hệ điều hành sau theo thứ tự bảng chữ cái: Windows, macOS, Linux",
    "Options": [
      "Windows",
      "macOS",
      "Linux"
    ],
    "Answer": [],
    "Pairs": null
  },
  {
    "Type": "ordering",
    "question": "Sắp xếp các công cụ sau theo thứ tự bảng chữ cái: Git, Docker, Jenkins",
    "Options": [
      "Git",
      "Docker",
      "Jenkins"
    ],
    "Answer": [],
    "Pairs": null
  },
  {
    "Type": "ordering",
    "question": "Sắp xếp các thư viện JavaScript sau theo thứ tự bảng chữ cái: React, Angular, Vue",
    "Options": [
      "React",
      "Angular",
      "Vue"
    ],
    "Answer": [],
    "Pairs": null
  },
  {
    "Type": "ordering",
    "question": "Sắp xếp các từ sau theo thứ tự bảng chữ cái: 'Bình', 'An', 'Cường', 'Dũng'.",
    "Options": [
      "Bình",
      "An",
      "Cường",
      "Dũng"
    ],
    "Answer": [],
    "Pairs": null
  },
  {
    "Type": "ordering",
    "question": "Sắp xếp các ngôn ngữ sau theo thứ tự thời gian ra đời: Python, JavaScript, Ruby.",
    "Options": [
      "Python",
      "JavaScript",
      "Ruby"
    ],
    "Answer": [],
    "Pairs": null
  },
  {
    "Type": "single_choice",
    "question": "Ngôn ngữ lập trình nào chủ yếu được sử dụng trong phát triển hệ thống nhúng?",
    "Options": [
      "C",
      "Java",
      "Python",
      "Ruby"
    ],
    "Answer": "",
    "Pairs": null
  },
  {
    "Type": "multiple_choice",
    "question": "Các công cụ giám sát mạng phổ biến là gì?",
    "Options": [
      "Wireshark",
      "Nagios",
      "SolarWinds",
      "Zabbix",
      "Slack",
      "JIRA"
    ],
    "Answer": [],
    "Pairs": null
  },
  {
    "Type": "single_choice",
    "question": "Công cụ nào phổ biến nhất để tự động hóa kiểm thử phần mềm?",
    "Options": [
      "Selenium",
      "JUnit",
      "TestNG",
      "Cucumber"
    ],
    "Answer": "",
    "Pairs": null
  }
]