{
  "questions": [
    {
      "type": "single_choice",
      "question": "Hệ thống quản lý cơ sở dữ liệu nào phổ biến nhất?",
      "options": ["MySQL", "SQLite", "MongoDB", "PostgreSQL"],
      "answer": "MySQL"
    },
    {
      "type": "multiple_choice",
      "question": "Các ngôn ngữ lập trình phổ biến hiện nay là gì?",
      "options": ["Java", "Python", "C#", "JavaScript", "Ruby", "Swift"],
      "answer": ["Java", "Python", "C#", "JavaScript"]
    },
    {
      "type": "ordering",
      "question": "Sắp xếp các số sau theo thứ tự tăng dần: 5, 2, 8, 1, 7.",
      "options": ["5", "2", "8", "1", "7"],
      "answer": ["1", "2", "5", "7", "8"]
    },
    {
      "type": "single_choice",
      "question": "Câu lệnh nào dùng để in ra dòng chữ 'Hello, World!' trong ngôn ngữ lập trình C++?",
      "options": ["print('Hello, World!');", "System.out.println('Hello, World!');", "cout << 'Hello, World!';", "console.log('Hello, World!');"],
      "answer": "cout << 'Hello, World!';"
    },
    {
      "type": "multiple_choice",
      "question": "Các phần mềm chỉnh sửa mã nguồn phổ biến là gì?",
      "options": ["Visual Studio Code", "Sublime Text", "Atom", "Eclipse", "Notepad++", "Photoshop"],
      "answer": ["Visual Studio Code", "Sublime Text", "Atom", "Eclipse", "Notepad++"]
    },
    {
      "type": "single_choice",
      "question": "Ngôn ngữ lập trình nào được sử dụng phổ biến nhất cho việc phát triển ứng dụng di động?",
      "options": ["Java", "Python", "Swift", "Kotlin"],
      "answer": "Java"
    },
    {
      "type": "multiple_choice",
      "question": "Các công cụ kiểm tra lỗi mã nguồn là gì?",
      "options": ["ESLint", "Prettier", "JSLint", "Husky", "Postman", "Swagger"],
      "answer": ["ESLint", "Prettier", "JSLint", "Husky"]
    },
    {
      "type": "ordering",
      "question": "Sắp xếp các từ sau theo thứ tự từ điển: 'Học', 'Lập', 'Trình', 'Là', 'Vui'.",
      "options": ["Học", "Lập", "Trình", "Là", "Vui"],
      "answer": ["Học", "Là", "Lập", "Trình", "Vui"]
    },
    {
      "type": "single_choice",
      "question": "Ngôn ngữ lập trình nào được sử dụng cho phát triển trò chơi?",
      "options": ["Java", "C++", "Python", "JavaScript"],
      "answer": "C++"
    },
    {
      "type": "multiple_choice",
      "question": "Công cụ nào được sử dụng để quản lý phiên bản mã nguồn?",
      "options": ["Git", "SVN", "Mercurial", "Tortoise", "Jenkins", "TeamCity"],
      "answer": ["Git", "SVN", "Mercurial"]
    },
    {
      "type": "single_choice",
      "question": "Hệ quản trị cơ sở dữ liệu nào được sử dụng rộng rãi trong các ứng dụng web?",
      "options": ["MongoDB", "MySQL", "Oracle", "SQLite"],
      "answer": "MySQL"
    },
    {
      "type": "single_choice",
      "question": "Ngôn ngữ lập trình nào thường được sử dụng cho trí tuệ nhân tạo và học máy?",
      "options": ["Java", "C++", "Python", "Ruby"],
      "answer": "Python"
    },
    {
      "type": "single_choice",
      "question": "Công cụ nào phổ biến để tạo và quản lý container?",
      "options": ["Docker", "Kubernetes", "Vagrant", "Ansible"],
      "answer": "Docker"
    },
    {
      "type": "single_choice",
      "question": "Câu lệnh nào dùng để khai báo một biến trong JavaScript?",
      "options": ["var", "let", "const", "all of the above"],
      "answer": "all of the above"
    },
    {
      "type": "single_choice",
      "question": "Gói thư viện nào thường được sử dụng trong Python để làm việc với dữ liệu số lớn?",
      "options": ["numpy", "requests", "flask", "django"],
      "answer": "numpy"
    },
    {
      "type": "single_choice",
      "question": "Ngôn ngữ lập trình nào được sử dụng để phát triển ứng dụng iOS?",
      "options": ["Swift", "Java", "Kotlin", "C#"],
      "answer": "Swift"
    },
    {
      "type": "single_choice",
      "question": "Ngôn ngữ lập trình nào được sử dụng phổ biến cho phát triển ứng dụng Android?",
      "options": ["Swift", "JavaScript", "Kotlin", "C#"],
      "answer": "Kotlin"
    },
    {
      "type": "single_choice",
      "question": "IDE nào phổ biến nhất cho phát triển ứng dụng Android?",
      "options": ["Eclipse", "NetBeans", "Android Studio", "IntelliJ IDEA"],
      "answer": "Android Studio"
    },
    {
      "type": "single_choice",
      "question": "Câu lệnh nào dùng để in ra dòng chữ 'Hello, World!' trong ngôn ngữ lập trình Python?",
      "options": ["print('Hello, World!')", "System.out.println('Hello, World!')", "echo 'Hello, World!'", "console.log('Hello, World!')"],
      "answer": "print('Hello, World!')"
    },
    {
      "type": "single_choice",
      "question": "Ngôn ngữ nào được thiết kế chủ yếu cho phát triển trang web động?",
      "options": ["Java", "PHP", "C++", "Ruby"],
      "answer": "PHP"
    },
    {
      "type": "multiple_choice",
      "question": "Các thư viện JavaScript phổ biến là gì?",
      "options": ["React", "Angular", "Vue", "Ember", "Backbone", "Django"],
      "answer": ["React", "Angular", "Vue", "Ember", "Backbone"]
    },
    {
      "type": "multiple_choice",
      "question": "Các hệ quản trị cơ sở dữ liệu NoSQL là gì?",
      "options": ["MongoDB", "Cassandra", "Redis", "Oracle", "PostgreSQL", "MySQL"],
      "answer": ["MongoDB", "Cassandra", "Redis"]
    },
    {
      "type": "multiple_choice",
      "question": "Các hệ điều hành phổ biến hiện nay là gì?",
      "options": ["Windows", "macOS", "Linux", "Ubuntu", "Android", "iOS"],
      "answer": ["Windows", "macOS", "Linux", "Android", "iOS"]
    },
    {
      "type": "multiple_choice",
      "question": "Các ngôn ngữ lập trình hướng đối tượng là gì?",
      "options": ["Java", "C#", "Python", "JavaScript", "SQL", "HTML"],
      "answer": ["Java", "C#", "Python", "JavaScript"]
    },
    {
      "type": "multiple_choice",
      "question": "Các phần mềm IDE phổ biến hiện nay là gì?",
      "options": ["Visual Studio", "Eclipse", "NetBeans", "IntelliJ IDEA", "Vim", "Sublime Text"],
      "answer": ["Visual Studio", "Eclipse", "NetBeans", "IntelliJ IDEA"]
    },
    {
      "type": "multiple_choice",
      "question": "Các công cụ CI/CD phổ biến là gì?",
      "options": ["Jenkins", "Travis CI", "CircleCI", "TeamCity", "Docker", "Vagrant"],
      "answer": ["Jenkins", "Travis CI", "CircleCI", "TeamCity"]
    },
    {
      "type": "multiple_choice",
      "question": "Các công cụ giám sát hiệu suất ứng dụng là gì?",
      "options": ["New Relic", "AppDynamics", "Nagios", "Datadog", "Kibana", "Git"],
      "answer": ["New Relic", "AppDynamics", "Nagios", "Datadog", "Kibana"]
    },
    {
      "type": "multiple_choice",
      "question": "Các công cụ quản lý dự án phổ biến là gì?",
      "options": ["JIRA", "Trello", "Asana", "Slack", "GitHub", "Bitbucket"],
      "answer": ["JIRA", "Trello", "Asana", "Slack"]
    },
    {
      "type": "multiple_choice",
      "question": "Các công cụ xây dựng và quản lý hạ tầng đám mây là gì?",
      "options": ["Terraform", "AWS CloudFormation", "Google Cloud Deployment Manager", "Ansible", "Puppet", "Chef"],
      "answer": ["Terraform", "AWS CloudFormation", "Google Cloud Deployment Manager"]
    },
    {
      "type": "multiple_choice",
      "question": "Các công cụ phát triển giao diện người dùng phổ biến là gì?",
      "options": ["Adobe XD", "Sketch", "Figma", "InVision", "GIMP", "CorelDRAW"],
      "answer": ["Adobe XD", "Sketch", "Figma", "InVision"]
    },
    {
      "type": "ordering",
      "question": "Sắp xếp các ngôn ngữ lập trình sau theo thứ tự bảng chữ cái: Python, Java, Ruby",
      "options": ["Python", "Java", "Ruby"],
      "answer": ["Java", "Python", "Ruby"]
    },
    {
      "type": "ordering",
      "question": "Sắp xếp các số sau theo thứ tự giảm dần: 9, 4, 6, 2, 1.",
      "options": ["9", "4", "6", "2", "1"],
      "answer": ["9", "6", "4", "2", "1"]
    },
    {
      "type": "ordering",
      "question": "Sắp xếp các hệ điều hành sau theo thứ tự bảng chữ cái: Windows, macOS, Linux",
      "options": ["Windows", "macOS", "Linux"],
      "answer": ["Linux", "macOS", "Windows"]
    },
    {
      "type": "ordering",
      "question": "Sắp xếp các công cụ sau theo thứ tự bảng chữ cái: Git, Docker, Jenkins",
      "options": ["Git", "Docker", "Jenkins"],
      "answer": ["Docker", "Git", "Jenkins"]
    },
    {
      "type": "ordering",
      "question": "Sắp xếp các thư viện JavaScript sau theo thứ tự bảng chữ cái: React, Angular, Vue",
      "options": ["React", "Angular", "Vue"],
      "answer": ["Angular", "React", "Vue"]
    },
    {
      "type": "ordering",
      "question": "Sắp xếp các từ sau theo thứ tự bảng chữ cái: 'Bình', 'An', 'Cường', 'Dũng'.",
      "options": ["Bình", "An", "Cường", "Dũng"],
      "answer": ["An", "Bình", "Cường", "Dũng"]
    },
    {
      "type": "ordering",
      "question": "Sắp xếp các ngôn ngữ sau theo thứ tự thời gian ra đời: Python, JavaScript, Ruby.",
      "options": ["Python", "JavaScript", "Ruby"],
      "answer": ["Python", "Ruby", "JavaScript"]
    },
    {
      "type": "single_choice",
      "question": "Ngôn ngữ lập trình nào chủ yếu được sử dụng trong phát triển hệ thống nhúng?",
      "options": ["C", "Java", "Python", "Ruby"],
      "answer": "C"
    },
    {
      "type": "multiple_choice",
      "question": "Các công cụ giám sát mạng phổ biến là gì?",
      "options": ["Wireshark", "Nagios", "SolarWinds", "Zabbix", "Slack", "JIRA"],
      "answer": ["Wireshark", "Nagios", "SolarWinds", "Zabbix"]
    },
    {
      "type": "single_choice",
      "question": "Công cụ nào phổ biến nhất để tự động hóa kiểm thử phần mềm?",
      "options": ["Selenium", "JUnit", "TestNG", "Cucumber"],
      "answer": "Selenium"
    }
  ]
}
